,code,name,ex_name,ex_east_money_code,ex_code
0,cu2602,沪铜2602,上期所,113,SHFE
1,cu2603,沪铜2603,上期所,113,SHFE
2,cu2604,沪铜2604,上期所,113,SHFE
3,cu2605,沪铜2605,上期所,113,SHFE
4,cu2606,沪铜2606,上期所,113,SHFE
5,cu2607,沪铜2607,上期所,113,SHFE
6,cu2608,沪铜2608,上期所,113,SHFE
7,cu2609,沪铜2609,上期所,113,SHFE
8,cu2610,沪铜2610,上期所,113,SHFE
9,cu2611,沪铜2611,上期所,113,SHFE
10,cu2612,沪铜2612,上期所,113,SHFE
11,cu2701,沪铜2701,上期所,113,SHFE
12,cum,沪铜主连,上期所,113,SHFE
13,cus,沪铜次主连,上期所,113,SHFE
14,cufi,沪铜加权,期货指数加权,159,FI
15,al2602,沪铝2602,上期所,113,SHFE
16,al2603,沪铝2603,上期所,113,SHFE
17,al2604,沪铝2604,上期所,113,SHFE
18,al2605,沪铝2605,上期所,113,SHFE
19,al2606,沪铝2606,上期所,113,SHFE
20,al2607,沪铝2607,上期所,113,SHFE
21,al2608,沪铝2608,上期所,113,SHFE
22,al2609,沪铝2609,上期所,113,SHFE
23,al2610,沪铝2610,上期所,113,SHFE
24,al2611,沪铝2611,上期所,113,SHFE
25,al2612,沪铝2612,上期所,113,SHFE
26,al2701,沪铝2701,上期所,113,SHFE
27,alm,沪铝主连,上期所,113,SHFE
28,als,沪铝次主连,上期所,113,SHFE
29,alfi,沪铝加权,期货指数加权,159,FI
30,zn2602,沪锌2602,上期所,113,SHFE
31,zn2603,沪锌2603,上期所,113,SHFE
32,zn2604,沪锌2604,上期所,113,SHFE
33,zn2605,沪锌2605,上期所,113,SHFE
34,zn2606,沪锌2606,上期所,113,SHFE
35,zn2607,沪锌2607,上期所,113,SHFE
36,zn2608,沪锌2608,上期所,113,SHFE
37,zn2609,沪锌2609,上期所,113,SHFE
38,zn2610,沪锌2610,上期所,113,SHFE
39,zn2611,沪锌2611,上期所,113,SHFE
40,zn2612,沪锌2612,上期所,113,SHFE
41,zn2701,沪锌2701,上期所,113,SHFE
42,znm,沪锌主连,上期所,113,SHFE
43,zns,沪锌次主连,上期所,113,SHFE
44,znfi,沪锌加权,期货指数加权,159,FI
45,pb2602,沪铅2602,上期所,113,SHFE
46,pb2603,沪铅2603,上期所,113,SHFE
47,pb2604,沪铅2604,上期所,113,SHFE
48,pb2605,沪铅2605,上期所,113,SHFE
49,pb2606,沪铅2606,上期所,113,SHFE
50,pb2607,沪铅2607,上期所,113,SHFE
51,pb2608,沪铅2608,上期所,113,SHFE
52,pb2609,沪铅2609,上期所,113,SHFE
53,pb2610,沪铅2610,上期所,113,SHFE
54,pb2611,沪铅2611,上期所,113,SHFE
55,pb2612,沪铅2612,上期所,113,SHFE
56,pb2701,沪铅2701,上期所,113,SHFE
57,pbm,沪铅主连,上期所,113,SHFE
58,pbs,沪铅次主连,上期所,113,SHFE
59,pbfi,沪铅加权,期货指数加权,159,FI
60,au2602,沪金2602,上期所,113,SHFE
61,au2603,沪金2603,上期所,113,SHFE
62,au2604,沪金2604,上期所,113,SHFE
63,au2606,沪金2606,上期所,113,SHFE
64,au2608,沪金2608,上期所,113,SHFE
65,au2610,沪金2610,上期所,113,SHFE
66,au2612,沪金2612,上期所,113,SHFE
67,au2702,沪金2702,上期所,113,SHFE
68,aum,沪金主连,上期所,113,SHFE
69,aus,沪金次主连,上期所,113,SHFE
70,aufi,沪金加权,期货指数加权,159,FI
71,ag2602,沪银2602,上期所,113,SHFE
72,ag2603,沪银2603,上期所,113,SHFE
73,ag2604,沪银2604,上期所,113,SHFE
74,ag2605,沪银2605,上期所,113,SHFE
75,ag2606,沪银2606,上期所,113,SHFE
76,ag2607,沪银2607,上期所,113,SHFE
77,ag2608,沪银2608,上期所,113,SHFE
78,ag2609,沪银2609,上期所,113,SHFE
79,ag2610,沪银2610,上期所,113,SHFE
80,ag2611,沪银2611,上期所,113,SHFE
81,ag2612,沪银2612,上期所,113,SHFE
82,ag2701,沪银2701,上期所,113,SHFE
83,agm,沪银主连,上期所,113,SHFE
84,ags,沪银次主连,上期所,113,SHFE
85,agfi,沪银加权,期货指数加权,159,FI
86,rb2602,螺纹钢2602,上期所,113,SHFE
87,rb2603,螺纹钢2603,上期所,113,SHFE
88,rb2604,螺纹钢2604,上期所,113,SHFE
89,rb2605,螺纹钢2605,上期所,113,SHFE
90,rb2606,螺纹钢2606,上期所,113,SHFE
91,rb2607,螺纹钢2607,上期所,113,SHFE
92,rb2608,螺纹钢2608,上期所,113,SHFE
93,rb2609,螺纹钢2609,上期所,113,SHFE
94,rb2610,螺纹钢2610,上期所,113,SHFE
95,rb2611,螺纹钢2611,上期所,113,SHFE
96,rb2612,螺纹钢2612,上期所,113,SHFE
97,rb2701,螺纹钢2701,上期所,113,SHFE
98,rbm,螺纹钢主连,上期所,113,SHFE
99,rbs,螺纹钢次主连,上期所,113,SHFE
100,rbfi,螺纹钢加权,期货指数加权,159,FI
101,wr2602,线材2602,上期所,113,SHFE
102,wr2603,线材2603,上期所,113,SHFE
103,wr2604,线材2604,上期所,113,SHFE
104,wr2605,线材2605,上期所,113,SHFE
105,wr2606,线材2606,上期所,113,SHFE
106,wr2607,线材2607,上期所,113,SHFE
107,wr2608,线材2608,上期所,113,SHFE
108,wr2609,线材2609,上期所,113,SHFE
109,wr2610,线材2610,上期所,113,SHFE
110,wr2611,线材2611,上期所,113,SHFE
111,wr2612,线材2612,上期所,113,SHFE
112,wr2701,线材2701,上期所,113,SHFE
113,wrm,线材主连,上期所,113,SHFE
114,wrs,线材次主连,上期所,113,SHFE
115,wrfi,线材加权,期货指数加权,159,FI
116,fu2603,燃油2603,上期所,113,SHFE
117,fu2604,燃油2604,上期所,113,SHFE
118,fu2605,燃油2605,上期所,113,SHFE
119,fu2606,燃油2606,上期所,113,SHFE
120,fu2607,燃油2607,上期所,113,SHFE
121,fu2608,燃油2608,上期所,113,SHFE
122,fu2609,燃油2609,上期所,113,SHFE
123,fu2610,燃油2610,上期所,113,SHFE
124,fu2611,燃油2611,上期所,113,SHFE
125,fu2612,燃油2612,上期所,113,SHFE
126,fu2701,燃油2701,上期所,113,SHFE
127,fu2702,燃油2702,上期所,113,SHFE
128,fum,燃油主连,上期所,113,SHFE
129,fus,燃油次主连,上期所,113,SHFE
130,fufi,燃油加权,期货指数加权,159,FI
131,ru2603,橡胶2603,上期所,113,SHFE
132,ru2604,橡胶2604,上期所,113,SHFE
133,ru2605,橡胶2605,上期所,113,SHFE
134,ru2606,橡胶2606,上期所,113,SHFE
135,ru2607,橡胶2607,上期所,113,SHFE
136,ru2608,橡胶2608,上期所,113,SHFE
137,ru2609,橡胶2609,上期所,113,SHFE
138,ru2610,橡胶2610,上期所,113,SHFE
139,ru2611,橡胶2611,上期所,113,SHFE
140,ru2701,橡胶2701,上期所,113,SHFE
141,rum,橡胶主连,上期所,113,SHFE
142,rus,橡胶次主连,上期所,113,SHFE
143,rufi,橡胶加权,期货指数加权,159,FI
144,bu2602,沥青2602,上期所,113,SHFE
145,bu2603,沥青2603,上期所,113,SHFE
146,bu2604,沥青2604,上期所,113,SHFE
147,bu2605,沥青2605,上期所,113,SHFE
148,bu2606,沥青2606,上期所,113,SHFE
149,bu2607,沥青2607,上期所,113,SHFE
150,bu2608,沥青2608,上期所,113,SHFE
151,bu2609,沥青2609,上期所,113,SHFE
152,bu2610,沥青2610,上期所,113,SHFE
153,bu2611,沥青2611,上期所,113,SHFE
154,bu2612,沥青2612,上期所,113,SHFE
155,bu2701,沥青2701,上期所,113,SHFE
156,bu2703,沥青2703,上期所,113,SHFE
157,bu2706,沥青2706,上期所,113,SHFE
158,bu2709,沥青2709,上期所,113,SHFE
159,bu2712,沥青2712,上期所,113,SHFE
160,bum,沥青主连,上期所,113,SHFE
161,bus,沥青次主连,上期所,113,SHFE
162,bufi,沥青加权,期货指数加权,159,FI
163,hc2602,热卷2602,上期所,113,SHFE
164,hc2603,热卷2603,上期所,113,SHFE
165,hc2604,热卷2604,上期所,113,SHFE
166,hc2605,热卷2605,上期所,113,SHFE
167,hc2606,热卷2606,上期所,113,SHFE
168,hc2607,热卷2607,上期所,113,SHFE
169,hc2608,热卷2608,上期所,113,SHFE
170,hc2609,热卷2609,上期所,113,SHFE
171,hc2610,热卷2610,上期所,113,SHFE
172,hc2611,热卷2611,上期所,113,SHFE
173,hc2612,热卷2612,上期所,113,SHFE
174,hc2701,热卷2701,上期所,113,SHFE
175,hcm,热卷主连,上期所,113,SHFE
176,hcs,热卷次主连,上期所,113,SHFE
177,hcfi,热卷加权,期货指数加权,159,FI
178,ni2602,沪镍2602,上期所,113,SHFE
179,ni2603,沪镍2603,上期所,113,SHFE
180,ni2604,沪镍2604,上期所,113,SHFE
181,ni2605,沪镍2605,上期所,113,SHFE
182,ni2606,沪镍2606,上期所,113,SHFE
183,ni2607,沪镍2607,上期所,113,SHFE
184,ni2608,沪镍2608,上期所,113,SHFE
185,ni2609,沪镍2609,上期所,113,SHFE
186,ni2610,沪镍2610,上期所,113,SHFE
187,ni2611,沪镍2611,上期所,113,SHFE
188,ni2612,沪镍2612,上期所,113,SHFE
189,ni2701,沪镍2701,上期所,113,SHFE
190,nim,沪镍主连,上期所,113,SHFE
191,nis,沪镍次主连,上期所,113,SHFE
192,nifi,沪镍加权,期货指数加权,159,FI
193,sn2602,沪锡2602,上期所,113,SHFE
194,sn2603,沪锡2603,上期所,113,SHFE
195,sn2604,沪锡2604,上期所,113,SHFE
196,sn2605,沪锡2605,上期所,113,SHFE
197,sn2606,沪锡2606,上期所,113,SHFE
198,sn2607,沪锡2607,上期所,113,SHFE
199,sn2608,沪锡2608,上期所,113,SHFE
200,sn2609,沪锡2609,上期所,113,SHFE
201,sn2610,沪锡2610,上期所,113,SHFE
202,sn2611,沪锡2611,上期所,113,SHFE
203,sn2612,沪锡2612,上期所,113,SHFE
204,sn2701,沪锡2701,上期所,113,SHFE
205,snm,沪锡主连,上期所,113,SHFE
206,sns,沪锡次主连,上期所,113,SHFE
207,snfi,沪锡加权,期货指数加权,159,FI
208,sp2602,纸浆2602,上期所,113,SHFE
209,sp2603,纸浆2603,上期所,113,SHFE
210,sp2604,纸浆2604,上期所,113,SHFE
211,sp2605,纸浆2605,上期所,113,SHFE
212,sp2606,纸浆2606,上期所,113,SHFE
213,sp2607,纸浆2607,上期所,113,SHFE
214,sp2608,纸浆2608,上期所,113,SHFE
215,sp2609,纸浆2609,上期所,113,SHFE
216,sp2610,纸浆2610,上期所,113,SHFE
217,sp2611,纸浆2611,上期所,113,SHFE
218,sp2612,纸浆2612,上期所,113,SHFE
219,sp2701,纸浆2701,上期所,113,SHFE
220,spm,纸浆主连,上期所,113,SHFE
221,sps,纸浆次主连,上期所,113,SHFE
222,spfi,纸浆加权,期货指数加权,159,FI
223,ss2602,不锈钢2602,上期所,113,SHFE
224,ss2603,不锈钢2603,上期所,113,SHFE
225,ss2604,不锈钢2604,上期所,113,SHFE
226,ss2605,不锈钢2605,上期所,113,SHFE
227,ss2606,不锈钢2606,上期所,113,SHFE
228,ss2607,不锈钢2607,上期所,113,SHFE
229,ss2608,不锈钢2608,上期所,113,SHFE
230,ss2609,不锈钢2609,上期所,113,SHFE
231,ss2610,不锈钢2610,上期所,113,SHFE
232,ss2611,不锈钢2611,上期所,113,SHFE
233,ss2612,不锈钢2612,上期所,113,SHFE
234,ss2701,不锈钢2701,上期所,113,SHFE
235,ssm,不锈钢主连,上期所,113,SHFE
236,sss,不锈钢次主连,上期所,113,SHFE
237,ssfi,不锈钢加权,期货指数加权,159,FI
238,ao2602,氧化铝2602,上期所,113,SHFE
239,ao2603,氧化铝2603,上期所,113,SHFE
240,ao2604,氧化铝2604,上期所,113,SHFE
241,ao2605,氧化铝2605,上期所,113,SHFE
242,ao2606,氧化铝2606,上期所,113,SHFE
243,ao2607,氧化铝2607,上期所,113,SHFE
244,ao2608,氧化铝2608,上期所,113,SHFE
245,ao2609,氧化铝2609,上期所,113,SHFE
246,ao2610,氧化铝2610,上期所,113,SHFE
247,ao2611,氧化铝2611,上期所,113,SHFE
248,ao2612,氧化铝2612,上期所,113,SHFE
249,ao2701,氧化铝2701,上期所,113,SHFE
250,aom,氧化铝主连,上期所,113,SHFE
251,aos,氧化铝次主连,上期所,113,SHFE
252,aofi,氧化铝加权,期货指数加权,159,FI
253,br2602,丁二烯胶2602,上期所,113,SHFE
254,br2603,丁二烯胶2603,上期所,113,SHFE
255,br2604,丁二烯胶2604,上期所,113,SHFE
256,br2605,丁二烯胶2605,上期所,113,SHFE
257,br2606,丁二烯胶2606,上期所,113,SHFE
258,br2607,丁二烯胶2607,上期所,113,SHFE
259,br2608,丁二烯胶2608,上期所,113,SHFE
260,br2609,丁二烯胶2609,上期所,113,SHFE
261,br2610,丁二烯胶2610,上期所,113,SHFE
262,br2611,丁二烯胶2611,上期所,113,SHFE
263,br2612,丁二烯胶2612,上期所,113,SHFE
264,br2701,丁二烯胶2701,上期所,113,SHFE
265,brm,丁二烯胶主连,上期所,113,SHFE
266,brs,丁二烯胶次主连,上期所,113,SHFE
267,brfi,丁二烯胶加权,期货指数加权,159,FI
268,ad2602,铸造铝2602,上期所,113,SHFE
269,ad2603,铸造铝2603,上期所,113,SHFE
270,ad2604,铸造铝2604,上期所,113,SHFE
271,ad2605,铸造铝2605,上期所,113,SHFE
272,ad2606,铸造铝2606,上期所,113,SHFE
273,ad2607,铸造铝2607,上期所,113,SHFE
274,ad2608,铸造铝2608,上期所,113,SHFE
275,ad2609,铸造铝2609,上期所,113,SHFE
276,ad2610,铸造铝2610,上期所,113,SHFE
277,ad2611,铸造铝2611,上期所,113,SHFE
278,ad2612,铸造铝2612,上期所,113,SHFE
279,ad2701,铸造铝2701,上期所,113,SHFE
280,adm,铸造铝主连,上期所,113,SHFE
281,ads,铸造铝次主连,上期所,113,SHFE
282,adfi,铸造铝加权,期货指数加权,159,FI
283,op2602,胶版纸2602,上期所,113,SHFE
284,op2603,胶版纸2603,上期所,113,SHFE
285,op2604,胶版纸2604,上期所,113,SHFE
286,op2605,胶版纸2605,上期所,113,SHFE
287,op2606,胶版纸2606,上期所,113,SHFE
288,op2607,胶版纸2607,上期所,113,SHFE
289,op2608,胶版纸2608,上期所,113,SHFE
290,op2609,胶版纸2609,上期所,113,SHFE
291,op2610,胶版纸2610,上期所,113,SHFE
292,op2611,胶版纸2611,上期所,113,SHFE
293,op2612,胶版纸2612,上期所,113,SHFE
294,op2701,胶版纸2701,上期所,113,SHFE
295,opm,胶版纸主连,上期所,113,SHFE
296,ops,胶版纸次主连,上期所,113,SHFE
297,opfi,胶版纸加权,期货指数加权,159,FI
298,c2603,玉米2603,大商所,114,DCE
299,c2605,玉米2605,大商所,114,DCE
300,c2607,玉米2607,大商所,114,DCE
301,c2609,玉米2609,大商所,114,DCE
302,c2611,玉米2611,大商所,114,DCE
303,c2701,玉米2701,大商所,114,DCE
304,cm,玉米主连,大商所,114,DCE
305,cs,玉米次主连,大商所,114,DCE
306,cfi,玉米加权,期货指数加权,159,FI
307,a2603,豆一2603,大商所,114,DCE
308,a2605,豆一2605,大商所,114,DCE
309,a2607,豆一2607,大商所,114,DCE
310,a2609,豆一2609,大商所,114,DCE
311,a2611,豆一2611,大商所,114,DCE
312,a2701,豆一2701,大商所,114,DCE
313,am,豆一主连,大商所,114,DCE
314,as,豆一次主连,大商所,114,DCE
315,afi,豆一加权,期货指数加权,159,FI
316,b2602,豆二2602,大商所,114,DCE
317,b2603,豆二2603,大商所,114,DCE
318,b2604,豆二2604,大商所,114,DCE
319,b2605,豆二2605,大商所,114,DCE
320,b2606,豆二2606,大商所,114,DCE
321,b2607,豆二2607,大商所,114,DCE
322,b2608,豆二2608,大商所,114,DCE
323,b2609,豆二2609,大商所,114,DCE
324,b2610,豆二2610,大商所,114,DCE
325,b2611,豆二2611,大商所,114,DCE
326,b2612,豆二2612,大商所,114,DCE
327,b2701,豆二2701,大商所,114,DCE
328,bm,豆二主连,大商所,114,DCE
329,bs,豆二次主连,大商所,114,DCE
330,bfi,豆二加权,期货指数加权,159,FI
331,m2603,豆粕2603,大商所,114,DCE
332,m2605,豆粕2605,大商所,114,DCE
333,m2607,豆粕2607,大商所,114,DCE
334,m2608,豆粕2608,大商所,114,DCE
335,m2609,豆粕2609,大商所,114,DCE
336,m2611,豆粕2611,大商所,114,DCE
337,m2612,豆粕2612,大商所,114,DCE
338,m2701,豆粕2701,大商所,114,DCE
339,mm,豆粕主连,大商所,114,DCE
340,ms,豆粕次主连,大商所,114,DCE
341,mfi,豆粕加权,期货指数加权,159,FI
342,y2603,豆油2603,大商所,114,DCE
343,y2605,豆油2605,大商所,114,DCE
344,y2607,豆油2607,大商所,114,DCE
345,y2608,豆油2608,大商所,114,DCE
346,y2609,豆油2609,大商所,114,DCE
347,y2611,豆油2611,大商所,114,DCE
348,y2612,豆油2612,大商所,114,DCE
349,y2701,豆油2701,大商所,114,DCE
350,ym,豆油主连,大商所,114,DCE
351,ys,豆油次主连,大商所,114,DCE
352,yfi,豆油加权,期货指数加权,159,FI
353,p2602,棕榈油2602,大商所,114,DCE
354,p2603,棕榈油2603,大商所,114,DCE
355,p2604,棕榈油2604,大商所,114,DCE
356,p2605,棕榈油2605,大商所,114,DCE
357,p2606,棕榈油2606,大商所,114,DCE
358,p2607,棕榈油2607,大商所,114,DCE
359,p2608,棕榈油2608,大商所,114,DCE
360,p2609,棕榈油2609,大商所,114,DCE
361,p2610,棕榈油2610,大商所,114,DCE
362,p2611,棕榈油2611,大商所,114,DCE
363,p2612,棕榈油2612,大商所,114,DCE
364,p2701,棕榈油2701,大商所,114,DCE
365,pm,棕榈油主连,大商所,114,DCE
366,ps,棕榈油次主连,大商所,114,DCE
367,pfi,棕榈油加权,期货指数加权,159,FI
368,l2602,塑料2602,大商所,114,DCE
369,l2603,塑料2603,大商所,114,DCE
370,l2604,塑料2604,大商所,114,DCE
371,l2605,塑料2605,大商所,114,DCE
372,l2606,塑料2606,大商所,114,DCE
373,l2607,塑料2607,大商所,114,DCE
374,l2608,塑料2608,大商所,114,DCE
375,l2609,塑料2609,大商所,114,DCE
376,l2610,塑料2610,大商所,114,DCE
377,l2611,塑料2611,大商所,114,DCE
378,l2612,塑料2612,大商所,114,DCE
379,l2701,塑料2701,大商所,114,DCE
380,lm,塑料主连,大商所,114,DCE
381,ls,塑料次主连,大商所,114,DCE
382,lfi,塑料加权,期货指数加权,159,FI
383,v2602,PVC2602,大商所,114,DCE
384,v2603,PVC2603,大商所,114,DCE
385,v2604,PVC2604,大商所,114,DCE
386,v2605,PVC2605,大商所,114,DCE
387,v2606,PVC2606,大商所,114,DCE
388,v2607,PVC2607,大商所,114,DCE
389,v2608,PVC2608,大商所,114,DCE
390,v2609,PVC2609,大商所,114,DCE
391,v2610,PVC2610,大商所,114,DCE
392,v2611,PVC2611,大商所,114,DCE
393,v2612,PVC2612,大商所,114,DCE
394,v2701,PVC2701,大商所,114,DCE
395,vm,PVC主连,大商所,114,DCE
396,vs,PVC次主连,大商所,114,DCE
397,vfi,PVC加权,期货指数加权,159,FI
398,j2602,焦炭2602,大商所,114,DCE
399,j2603,焦炭2603,大商所,114,DCE
400,j2604,焦炭2604,大商所,114,DCE
401,j2605,焦炭2605,大商所,114,DCE
402,j2606,焦炭2606,大商所,114,DCE
403,j2607,焦炭2607,大商所,114,DCE
404,j2608,焦炭2608,大商所,114,DCE
405,j2609,焦炭2609,大商所,114,DCE
406,j2610,焦炭2610,大商所,114,DCE
407,j2611,焦炭2611,大商所,114,DCE
408,j2612,焦炭2612,大商所,114,DCE
409,j2701,焦炭2701,大商所,114,DCE
410,jm,焦炭主连,大商所,114,DCE
411,js,焦炭次主连,大商所,114,DCE
412,jfi,焦炭加权,期货指数加权,159,FI
413,jm2602,焦煤2602,大商所,114,DCE
414,jm2603,焦煤2603,大商所,114,DCE
415,jm2604,焦煤2604,大商所,114,DCE
416,jm2605,焦煤2605,大商所,114,DCE
417,jm2606,焦煤2606,大商所,114,DCE
418,jm2607,焦煤2607,大商所,114,DCE
419,jm2608,焦煤2608,大商所,114,DCE
420,jm2609,焦煤2609,大商所,114,DCE
421,jm2610,焦煤2610,大商所,114,DCE
422,jm2611,焦煤2611,大商所,114,DCE
423,jm2612,焦煤2612,大商所,114,DCE
424,jm2701,焦煤2701,大商所,114,DCE
425,jmm,焦煤主连,大商所,114,DCE
426,jms,焦煤次主连,大商所,114,DCE
427,jmfi,焦煤加权,期货指数加权,159,FI
428,fb2602,纤维板2602,大商所,114,DCE
429,fb2603,纤维板2603,大商所,114,DCE
430,fb2604,纤维板2604,大商所,114,DCE
431,fb2605,纤维板2605,大商所,114,DCE
432,fb2606,纤维板2606,大商所,114,DCE
433,fb2607,纤维板2607,大商所,114,DCE
434,fb2608,纤维板2608,大商所,114,DCE
435,fb2609,纤维板2609,大商所,114,DCE
436,fb2610,纤维板2610,大商所,114,DCE
437,fb2611,纤维板2611,大商所,114,DCE
438,fb2612,纤维板2612,大商所,114,DCE
439,fb2701,纤维板2701,大商所,114,DCE
440,fbm,纤维板主连,大商所,114,DCE
441,fbs,纤维板次主连,大商所,114,DCE
442,fbfi,纤维板加权,期货指数加权,159,FI
443,bb2603,胶合板2603,大商所,114,DCE
444,bb2605,胶合板2605,大商所,114,DCE
445,bb2607,胶合板2607,大商所,114,DCE
446,bb2609,胶合板2609,大商所,114,DCE
447,bb2611,胶合板2611,大商所,114,DCE
448,bb2701,胶合板2701,大商所,114,DCE
449,bbm,胶合板主连,大商所,114,DCE
450,bbs,胶合板次主连,大商所,114,DCE
451,bbfi,胶合板加权,期货指数加权,159,FI
452,i2602,铁矿石2602,大商所,114,DCE
453,i2603,铁矿石2603,大商所,114,DCE
454,i2604,铁矿石2604,大商所,114,DCE
455,i2605,铁矿石2605,大商所,114,DCE
456,i2606,铁矿石2606,大商所,114,DCE
457,i2607,铁矿石2607,大商所,114,DCE
458,i2608,铁矿石2608,大商所,114,DCE
459,i2609,铁矿石2609,大商所,114,DCE
460,i2610,铁矿石2610,大商所,114,DCE
461,i2611,铁矿石2611,大商所,114,DCE
462,i2612,铁矿石2612,大商所,114,DCE
463,i2701,铁矿石2701,大商所,114,DCE
464,im,铁矿石主连,大商所,114,DCE
465,is,铁矿石次主连,大商所,114,DCE
466,ifi,铁矿石加权,期货指数加权,159,FI
467,jd2602,鸡蛋2602,大商所,114,DCE
468,jd2603,鸡蛋2603,大商所,114,DCE
469,jd2604,鸡蛋2604,大商所,114,DCE
470,jd2605,鸡蛋2605,大商所,114,DCE
471,jd2606,鸡蛋2606,大商所,114,DCE
472,jd2607,鸡蛋2607,大商所,114,DCE
473,jd2608,鸡蛋2608,大商所,114,DCE
474,jd2609,鸡蛋2609,大商所,114,DCE
475,jd2610,鸡蛋2610,大商所,114,DCE
476,jd2611,鸡蛋2611,大商所,114,DCE
477,jd2612,鸡蛋2612,大商所,114,DCE
478,jd2701,鸡蛋2701,大商所,114,DCE
479,jdm,鸡蛋主连,大商所,114,DCE
480,jds,鸡蛋次主连,大商所,114,DCE
481,jdfi,鸡蛋加权,期货指数加权,159,FI
482,pp2602,聚丙烯2602,大商所,114,DCE
483,pp2603,聚丙烯2603,大商所,114,DCE
484,pp2604,聚丙烯2604,大商所,114,DCE
485,pp2605,聚丙烯2605,大商所,114,DCE
486,pp2606,聚丙烯2606,大商所,114,DCE
487,pp2607,聚丙烯2607,大商所,114,DCE
488,pp2608,聚丙烯2608,大商所,114,DCE
489,pp2609,聚丙烯2609,大商所,114,DCE
490,pp2610,聚丙烯2610,大商所,114,DCE
491,pp2611,聚丙烯2611,大商所,114,DCE
492,pp2612,聚丙烯2612,大商所,114,DCE
493,pp2701,聚丙烯2701,大商所,114,DCE
494,ppm,聚丙烯主连,大商所,114,DCE
495,pps,聚丙烯次主连,大商所,114,DCE
496,ppfi,聚丙烯加权,期货指数加权,159,FI
497,cs2603,淀粉2603,大商所,114,DCE
498,cs2605,淀粉2605,大商所,114,DCE
499,cs2607,淀粉2607,大商所,114,DCE
500,cs2609,淀粉2609,大商所,114,DCE
501,cs2611,淀粉2611,大商所,114,DCE
502,cs2701,淀粉2701,大商所,114,DCE
503,csm,淀粉主连,大商所,114,DCE
504,css,淀粉次主连,大商所,114,DCE
505,csfi,淀粉加权,期货指数加权,159,FI
506,eg2602,乙二醇2602,大商所,114,DCE
507,eg2603,乙二醇2603,大商所,114,DCE
508,eg2604,乙二醇2604,大商所,114,DCE
509,eg2605,乙二醇2605,大商所,114,DCE
510,eg2606,乙二醇2606,大商所,114,DCE
511,eg2607,乙二醇2607,大商所,114,DCE
512,eg2608,乙二醇2608,大商所,114,DCE
513,eg2609,乙二醇2609,大商所,114,DCE
514,eg2610,乙二醇2610,大商所,114,DCE
515,eg2611,乙二醇2611,大商所,114,DCE
516,eg2612,乙二醇2612,大商所,114,DCE
517,eg2701,乙二醇2701,大商所,114,DCE
518,egm,乙二醇主连,大商所,114,DCE
519,egs,乙二醇次主连,大商所,114,DCE
520,egfi,乙二醇加权,期货指数加权,159,FI
521,rr2602,粳米2602,大商所,114,DCE
522,rr2603,粳米2603,大商所,114,DCE
523,rr2604,粳米2604,大商所,114,DCE
524,rr2605,粳米2605,大商所,114,DCE
525,rr2606,粳米2606,大商所,114,DCE
526,rr2607,粳米2607,大商所,114,DCE
527,rr2608,粳米2608,大商所,114,DCE
528,rr2609,粳米2609,大商所,114,DCE
529,rr2610,粳米2610,大商所,114,DCE
530,rr2611,粳米2611,大商所,114,DCE
531,rr2612,粳米2612,大商所,114,DCE
532,rr2701,粳米2701,大商所,114,DCE
533,rrm,粳米主连,大商所,114,DCE
534,rrs,粳米次主连,大商所,114,DCE
535,rrfi,粳米加权,期货指数加权,159,FI
536,eb2602,苯乙烯2602,大商所,114,DCE
537,eb2603,苯乙烯2603,大商所,114,DCE
538,eb2604,苯乙烯2604,大商所,114,DCE
539,eb2605,苯乙烯2605,大商所,114,DCE
540,eb2606,苯乙烯2606,大商所,114,DCE
541,eb2607,苯乙烯2607,大商所,114,DCE
542,eb2608,苯乙烯2608,大商所,114,DCE
543,eb2609,苯乙烯2609,大商所,114,DCE
544,eb2610,苯乙烯2610,大商所,114,DCE
545,eb2611,苯乙烯2611,大商所,114,DCE
546,eb2612,苯乙烯2612,大商所,114,DCE
547,eb2701,苯乙烯2701,大商所,114,DCE
548,ebm,苯乙烯主连,大商所,114,DCE
549,ebs,苯乙烯次主连,大商所,114,DCE
550,ebfi,苯乙烯加权,期货指数加权,159,FI
551,pg2602,LPG2602,大商所,114,DCE
552,pg2603,LPG2603,大商所,114,DCE
553,pg2604,LPG2604,大商所,114,DCE
554,pg2605,LPG2605,大商所,114,DCE
555,pg2606,LPG2606,大商所,114,DCE
556,pg2607,LPG2607,大商所,114,DCE
557,pg2608,LPG2608,大商所,114,DCE
558,pg2609,LPG2609,大商所,114,DCE
559,pg2610,LPG2610,大商所,114,DCE
560,pg2611,LPG2611,大商所,114,DCE
561,pg2612,LPG2612,大商所,114,DCE
562,pg2701,LPG2701,大商所,114,DCE
563,pgm,LPG主连,大商所,114,DCE
564,pgs,LPG次主连,大商所,114,DCE
565,pgfi,LPG加权,期货指数加权,159,FI
566,lh2603,生猪2603,大商所,114,DCE
567,lh2605,生猪2605,大商所,114,DCE
568,lh2607,生猪2607,大商所,114,DCE
569,lh2609,生猪2609,大商所,114,DCE
570,lh2611,生猪2611,大商所,114,DCE
571,lh2701,生猪2701,大商所,114,DCE
572,lhm,生猪主连,大商所,114,DCE
573,lhs,生猪次主连,大商所,114,DCE
574,lhfi,生猪加权,期货指数加权,159,FI
575,lg2603,原木2603,大商所,114,DCE
576,lg2605,原木2605,大商所,114,DCE
577,lg2607,原木2607,大商所,114,DCE
578,lg2609,原木2609,大商所,114,DCE
579,lg2611,原木2611,大商所,114,DCE
580,lg2701,原木2701,大商所,114,DCE
581,lgm,原木主连,大商所,114,DCE
582,lgs,原木次主连,大商所,114,DCE
583,lgfi,原木加权,期货指数加权,159,FI
584,l2603F,塑料月均2603,大商所,114,DCE
585,l2604F,塑料月均2604,大商所,114,DCE
586,l2605F,塑料月均2605,大商所,114,DCE
587,l2606F,塑料月均2606,大商所,114,DCE
588,l2607F,塑料月均2607,大商所,114,DCE
589,l2608F,塑料月均2608,大商所,114,DCE
590,lFm,塑料月均主连,大商所,114,DCE
591,lFs,塑料月均次主连,大商所,114,DCE
592,lFfi,塑料月均加权,期货指数加权,159,FI
593,v2603F,PVC月均2603,大商所,114,DCE
594,v2604F,PVC月均2604,大商所,114,DCE
595,v2605F,PVC月均2605,大商所,114,DCE
596,v2606F,PVC月均2606,大商所,114,DCE
597,v2607F,PVC月均2607,大商所,114,DCE
598,v2608F,PVC月均2608,大商所,114,DCE
599,vFm,PVC月均主连,大商所,114,DCE
600,vFs,PVC月均次主连,大商所,114,DCE
601,vFfi,PVC月均加权,期货指数加权,159,FI
602,pp2603F,聚丙烯月均2603,大商所,114,DCE
603,pp2604F,聚丙烯月均2604,大商所,114,DCE
604,pp2605F,聚丙烯月均2605,大商所,114,DCE
605,pp2606F,聚丙烯月均2606,大商所,114,DCE
606,pp2607F,聚丙烯月均2607,大商所,114,DCE
607,pp2608F,聚丙烯月均2608,大商所,114,DCE
608,ppFm,聚丙烯月均主连,大商所,114,DCE
609,ppFs,聚丙烯月均次主连,大商所,114,DCE
610,ppFfi,聚丙烯月均加权,期货指数加权,159,FI
611,bz2603,纯苯2603,大商所,114,DCE
612,bz2604,纯苯2604,大商所,114,DCE
613,bz2605,纯苯2605,大商所,114,DCE
614,bz2606,纯苯2606,大商所,114,DCE
615,bz2607,纯苯2607,大商所,114,DCE
616,bz2608,纯苯2608,大商所,114,DCE
617,bz2609,纯苯2609,大商所,114,DCE
618,bz2610,纯苯2610,大商所,114,DCE
619,bz2611,纯苯2611,大商所,114,DCE
620,bz2612,纯苯2612,大商所,114,DCE
621,bz2701,纯苯2701,大商所,114,DCE
622,bzm,纯苯主连,大商所,114,DCE
623,bzs,纯苯次主连,大商所,114,DCE
624,bzfi,纯苯加权,期货指数加权,159,FI
625,WH603,强麦603,郑商所,115,CZCE
626,WH605,强麦605,郑商所,115,CZCE
627,WH607,强麦607,郑商所,115,CZCE
628,WH609,强麦609,郑商所,115,CZCE
629,WH611,强麦611,郑商所,115,CZCE
630,WH701,强麦701,郑商所,115,CZCE
631,WHM,强麦主连,郑商所,115,CZCE
632,WHS,强麦次主连,郑商所,115,CZCE
633,WHfi,强麦加权,期货指数加权,159,FI
634,PM603,普麦603,郑商所,115,CZCE
635,PM605,普麦605,郑商所,115,CZCE
636,PM607,普麦607,郑商所,115,CZCE
637,PM609,普麦609,郑商所,115,CZCE
638,PM611,普麦611,郑商所,115,CZCE
639,PM701,普麦701,郑商所,115,CZCE
640,PMM,普麦主连,郑商所,115,CZCE
641,PMS,普麦次主连,郑商所,115,CZCE
642,PMfi,普麦加权,期货指数加权,159,FI
643,CF603,棉花603,郑商所,115,CZCE
644,CF605,棉花605,郑商所,115,CZCE
645,CF607,棉花607,郑商所,115,CZCE
646,CF609,棉花609,郑商所,115,CZCE
647,CF611,棉花611,郑商所,115,CZCE
648,CF701,棉花701,郑商所,115,CZCE
649,CFM,棉花主连,郑商所,115,CZCE
650,CFS,棉花次主连,郑商所,115,CZCE
651,CFfi,棉花加权,期货指数加权,159,FI
652,SR603,白糖603,郑商所,115,CZCE
653,SR605,白糖605,郑商所,115,CZCE
654,SR607,白糖607,郑商所,115,CZCE
655,SR609,白糖609,郑商所,115,CZCE
656,SR611,白糖611,郑商所,115,CZCE
657,SR701,白糖701,郑商所,115,CZCE
658,SRM,白糖主连,郑商所,115,CZCE
659,SRS,白糖次主连,郑商所,115,CZCE
660,SRfi,白糖加权,期货指数加权,159,FI
661,TA602,PTA602,郑商所,115,CZCE
662,TA603,PTA603,郑商所,115,CZCE
663,TA604,PTA604,郑商所,115,CZCE
664,TA605,PTA605,郑商所,115,CZCE
665,TA606,PTA606,郑商所,115,CZCE
666,TA607,PTA607,郑商所,115,CZCE
667,TA608,PTA608,郑商所,115,CZCE
668,TA609,PTA609,郑商所,115,CZCE
669,TA610,PTA610,郑商所,115,CZCE
670,TA611,PTA611,郑商所,115,CZCE
671,TA612,PTA612,郑商所,115,CZCE
672,TA701,PTA701,郑商所,115,CZCE
673,TAM,PTA主连,郑商所,115,CZCE
674,TAS,PTA次主连,郑商所,115,CZCE
675,TAfi,PTA加权,期货指数加权,159,FI
676,OI603,菜油603,郑商所,115,CZCE
677,OI605,菜油605,郑商所,115,CZCE
678,OI607,菜油607,郑商所,115,CZCE
679,OI609,菜油609,郑商所,115,CZCE
680,OI611,菜油611,郑商所,115,CZCE
681,OI701,菜油701,郑商所,115,CZCE
682,OIM,菜油主连,郑商所,115,CZCE
683,OIS,菜油次主连,郑商所,115,CZCE
684,OIfi,菜油加权,期货指数加权,159,FI
685,RI603,早籼稻603,郑商所,115,CZCE
686,RI605,早籼稻605,郑商所,115,CZCE
687,RI607,早籼稻607,郑商所,115,CZCE
688,RI609,早籼稻609,郑商所,115,CZCE
689,RI611,早籼稻611,郑商所,115,CZCE
690,RI701,早籼稻701,郑商所,115,CZCE
691,RIM,早籼稻主连,郑商所,115,CZCE
692,RIS,早籼稻次主连,郑商所,115,CZCE
693,RIfi,早籼稻加权,期货指数加权,159,FI
694,MA602,甲醇602,郑商所,115,CZCE
695,MA603,甲醇603,郑商所,115,CZCE
696,MA604,甲醇604,郑商所,115,CZCE
697,MA605,甲醇605,郑商所,115,CZCE
698,MA606,甲醇606,郑商所,115,CZCE
699,MA607,甲醇607,郑商所,115,CZCE
700,MA608,甲醇608,郑商所,115,CZCE
701,MA609,甲醇609,郑商所,115,CZCE
702,MA610,甲醇610,郑商所,115,CZCE
703,MA611,甲醇611,郑商所,115,CZCE
704,MA612,甲醇612,郑商所,115,CZCE
705,MA701,甲醇701,郑商所,115,CZCE
706,MAM,甲醇主连,郑商所,115,CZCE
707,MAS,甲醇次主连,郑商所,115,CZCE
708,MAfi,甲醇加权,期货指数加权,159,FI
709,FG602,玻璃602,郑商所,115,CZCE
710,FG603,玻璃603,郑商所,115,CZCE
711,FG604,玻璃604,郑商所,115,CZCE
712,FG605,玻璃605,郑商所,115,CZCE
713,FG606,玻璃606,郑商所,115,CZCE
714,FG607,玻璃607,郑商所,115,CZCE
715,FG608,玻璃608,郑商所,115,CZCE
716,FG609,玻璃609,郑商所,115,CZCE
717,FG610,玻璃610,郑商所,115,CZCE
718,FG611,玻璃611,郑商所,115,CZCE
719,FG612,玻璃612,郑商所,115,CZCE
720,FG701,玻璃701,郑商所,115,CZCE
721,FGM,玻璃主连,郑商所,115,CZCE
722,FGS,玻璃次主连,郑商所,115,CZCE
723,FGfi,玻璃加权,期货指数加权,159,FI
724,RS607,菜籽607,郑商所,115,CZCE
725,RS608,菜籽608,郑商所,115,CZCE
726,RS609,菜籽609,郑商所,115,CZCE
727,RS611,菜籽611,郑商所,115,CZCE
728,RSM,菜籽主连,郑商所,115,CZCE
729,RSS,菜籽次主连,郑商所,115,CZCE
730,RSfi,菜籽加权,期货指数加权,159,FI
731,RM603,菜粕603,郑商所,115,CZCE
732,RM605,菜粕605,郑商所,115,CZCE
733,RM607,菜粕607,郑商所,115,CZCE
734,RM608,菜粕608,郑商所,115,CZCE
735,RM609,菜粕609,郑商所,115,CZCE
736,RM611,菜粕611,郑商所,115,CZCE
737,RM701,菜粕701,郑商所,115,CZCE
738,RMM,菜粕主连,郑商所,115,CZCE
739,RMS,菜粕次主连,郑商所,115,CZCE
740,RMfi,菜粕加权,期货指数加权,159,FI
741,JR603,粳稻603,郑商所,115,CZCE
742,JR605,粳稻605,郑商所,115,CZCE
743,JR607,粳稻607,郑商所,115,CZCE
744,JR609,粳稻609,郑商所,115,CZCE
745,JR611,粳稻611,郑商所,115,CZCE
746,JR701,粳稻701,郑商所,115,CZCE
747,JRM,粳稻主连,郑商所,115,CZCE
748,JRS,粳稻次主连,郑商所,115,CZCE
749,JRfi,粳稻加权,期货指数加权,159,FI
750,SF602,硅铁602,郑商所,115,CZCE
751,SF603,硅铁603,郑商所,115,CZCE
752,SF604,硅铁604,郑商所,115,CZCE
753,SF605,硅铁605,郑商所,115,CZCE
754,SF606,硅铁606,郑商所,115,CZCE
755,SF607,硅铁607,郑商所,115,CZCE
756,SF608,硅铁608,郑商所,115,CZCE
757,SF609,硅铁609,郑商所,115,CZCE
758,SF610,硅铁610,郑商所,115,CZCE
759,SF611,硅铁611,郑商所,115,CZCE
760,SF612,硅铁612,郑商所,115,CZCE
761,SF701,硅铁701,郑商所,115,CZCE
762,SFM,硅铁主连,郑商所,115,CZCE
763,SFS,硅铁次主连,郑商所,115,CZCE
764,SFfi,硅铁加权,期货指数加权,159,FI
765,SM602,锰硅602,郑商所,115,CZCE
766,SM603,锰硅603,郑商所,115,CZCE
767,SM604,锰硅604,郑商所,115,CZCE
768,SM605,锰硅605,郑商所,115,CZCE
769,SM606,锰硅606,郑商所,115,CZCE
770,SM607,锰硅607,郑商所,115,CZCE
771,SM608,锰硅608,郑商所,115,CZCE
772,SM609,锰硅609,郑商所,115,CZCE
773,SM610,锰硅610,郑商所,115,CZCE
774,SM611,锰硅611,郑商所,115,CZCE
775,SM612,锰硅612,郑商所,115,CZCE
776,SM701,锰硅701,郑商所,115,CZCE
777,SMM,锰硅主连,郑商所,115,CZCE
778,SMS,锰硅次主连,郑商所,115,CZCE
779,SMfi,锰硅加权,期货指数加权,159,FI
780,ZC602,动力煤602,郑商所,115,CZCE
781,ZC603,动力煤603,郑商所,115,CZCE
782,ZC604,动力煤604,郑商所,115,CZCE
783,ZC605,动力煤605,郑商所,115,CZCE
784,ZC606,动力煤606,郑商所,115,CZCE
785,ZC607,动力煤607,郑商所,115,CZCE
786,ZC608,动力煤608,郑商所,115,CZCE
787,ZC609,动力煤609,郑商所,115,CZCE
788,ZC610,动力煤610,郑商所,115,CZCE
789,ZC611,动力煤611,郑商所,115,CZCE
790,ZC612,动力煤612,郑商所,115,CZCE
791,ZC701,动力煤701,郑商所,115,CZCE
792,ZCM,动力煤主连,郑商所,115,CZCE
793,ZCS,动力煤次主连,郑商所,115,CZCE
794,ZCfi,动力煤加权,期货指数加权,159,FI
795,CY602,棉纱602,郑商所,115,CZCE
796,CY603,棉纱603,郑商所,115,CZCE
797,CY604,棉纱604,郑商所,115,CZCE
798,CY605,棉纱605,郑商所,115,CZCE
799,CY606,棉纱606,郑商所,115,CZCE
800,CY607,棉纱607,郑商所,115,CZCE
801,CY608,棉纱608,郑商所,115,CZCE
802,CY609,棉纱609,郑商所,115,CZCE
803,CY610,棉纱610,郑商所,115,CZCE
804,CY611,棉纱611,郑商所,115,CZCE
805,CY612,棉纱612,郑商所,115,CZCE
806,CY701,棉纱701,郑商所,115,CZCE
807,CYM,棉纱主连,郑商所,115,CZCE
808,CYS,棉纱次主连,郑商所,115,CZCE
809,CYfi,棉纱加权,期货指数加权,159,FI
810,AP603,苹果603,郑商所,115,CZCE
811,AP604,苹果604,郑商所,115,CZCE
812,AP605,苹果605,郑商所,115,CZCE
813,AP610,苹果610,郑商所,115,CZCE
814,AP611,苹果611,郑商所,115,CZCE
815,AP612,苹果612,郑商所,115,CZCE
816,AP701,苹果701,郑商所,115,CZCE
817,APM,苹果主连,郑商所,115,CZCE
818,APS,苹果次主连,郑商所,115,CZCE
819,APfi,苹果加权,期货指数加权,159,FI
820,CJ603,红枣603,郑商所,115,CZCE
821,CJ605,红枣605,郑商所,115,CZCE
822,CJ607,红枣607,郑商所,115,CZCE
823,CJ609,红枣609,郑商所,115,CZCE
824,CJ612,红枣612,郑商所,115,CZCE
825,CJ701,红枣701,郑商所,115,CZCE
826,CJM,红枣主连,郑商所,115,CZCE
827,CJS,红枣次主连,郑商所,115,CZCE
828,CJfi,红枣加权,期货指数加权,159,FI
829,UR602,尿素602,郑商所,115,CZCE
830,UR603,尿素603,郑商所,115,CZCE
831,UR604,尿素604,郑商所,115,CZCE
832,UR605,尿素605,郑商所,115,CZCE
833,UR606,尿素606,郑商所,115,CZCE
834,UR607,尿素607,郑商所,115,CZCE
835,UR608,尿素608,郑商所,115,CZCE
836,UR609,尿素609,郑商所,115,CZCE
837,UR610,尿素610,郑商所,115,CZCE
838,UR611,尿素611,郑商所,115,CZCE
839,UR612,尿素612,郑商所,115,CZCE
840,UR701,尿素701,郑商所,115,CZCE
841,URM,尿素主连,郑商所,115,CZCE
842,URS,尿素次主连,郑商所,115,CZCE
843,URfi,尿素加权,期货指数加权,159,FI
844,SA602,纯碱602,郑商所,115,CZCE
845,SA603,纯碱603,郑商所,115,CZCE
846,SA604,纯碱604,郑商所,115,CZCE
847,SA605,纯碱605,郑商所,115,CZCE
848,SA606,纯碱606,郑商所,115,CZCE
849,SA607,纯碱607,郑商所,115,CZCE
850,SA608,纯碱608,郑商所,115,CZCE
851,SA609,纯碱609,郑商所,115,CZCE
852,SA610,纯碱610,郑商所,115,CZCE
853,SA611,纯碱611,郑商所,115,CZCE
854,SA612,纯碱612,郑商所,115,CZCE
855,SA701,纯碱701,郑商所,115,CZCE
856,SAM,纯碱主连,郑商所,115,CZCE
857,SAS,纯碱次主连,郑商所,115,CZCE
858,SAfi,纯碱加权,期货指数加权,159,FI
859,PF602,短纤602,郑商所,115,CZCE
860,PF603,短纤603,郑商所,115,CZCE
861,PF604,短纤604,郑商所,115,CZCE
862,PF605,短纤605,郑商所,115,CZCE
863,PF606,短纤606,郑商所,115,CZCE
864,PF607,短纤607,郑商所,115,CZCE
865,PF608,短纤608,郑商所,115,CZCE
866,PF609,短纤609,郑商所,115,CZCE
867,PF610,短纤610,郑商所,115,CZCE
868,PF611,短纤611,郑商所,115,CZCE
869,PF612,短纤612,郑商所,115,CZCE
870,PF701,短纤701,郑商所,115,CZCE
871,PFM,短纤主连,郑商所,115,CZCE
872,PFS,短纤次主连,郑商所,115,CZCE
873,PFfi,短纤加权,期货指数加权,159,FI
874,PK603,花生603,郑商所,115,CZCE
875,PK604,花生604,郑商所,115,CZCE
876,PK605,花生605,郑商所,115,CZCE
877,PK610,花生610,郑商所,115,CZCE
878,PK611,花生611,郑商所,115,CZCE
879,PK612,花生612,郑商所,115,CZCE
880,PK701,花生701,郑商所,115,CZCE
881,PKM,花生主连,郑商所,115,CZCE
882,PKS,花生次主连,郑商所,115,CZCE
883,PKfi,花生加权,期货指数加权,159,FI
884,PX602,对二甲苯602,郑商所,115,CZCE
885,PX603,对二甲苯603,郑商所,115,CZCE
886,PX604,对二甲苯604,郑商所,115,CZCE
887,PX605,对二甲苯605,郑商所,115,CZCE
888,PX606,对二甲苯606,郑商所,115,CZCE
889,PX607,对二甲苯607,郑商所,115,CZCE
890,PX608,对二甲苯608,郑商所,115,CZCE
891,PX609,对二甲苯609,郑商所,115,CZCE
892,PX610,对二甲苯610,郑商所,115,CZCE
893,PX611,对二甲苯611,郑商所,115,CZCE
894,PX612,对二甲苯612,郑商所,115,CZCE
895,PX701,对二甲苯701,郑商所,115,CZCE
896,PXM,对二甲苯主连,郑商所,115,CZCE
897,PXS,对二甲苯次主连,郑商所,115,CZCE
898,PXfi,对二甲苯加权,期货指数加权,159,FI
899,SH602,烧碱602,郑商所,115,CZCE
900,SH603,烧碱603,郑商所,115,CZCE
901,SH604,烧碱604,郑商所,115,CZCE
902,SH605,烧碱605,郑商所,115,CZCE
903,SH606,烧碱606,郑商所,115,CZCE
904,SH607,烧碱607,郑商所,115,CZCE
905,SH608,烧碱608,郑商所,115,CZCE
906,SH609,烧碱609,郑商所,115,CZCE
907,SH610,烧碱610,郑商所,115,CZCE
908,SH611,烧碱611,郑商所,115,CZCE
909,SH612,烧碱612,郑商所,115,CZCE
910,SH701,烧碱701,郑商所,115,CZCE
911,SHM,烧碱主连,郑商所,115,CZCE
912,SHS,烧碱次主连,郑商所,115,CZCE
913,SHfi,烧碱加权,期货指数加权,159,FI
914,PR602,瓶片602,郑商所,115,CZCE
915,PR603,瓶片603,郑商所,115,CZCE
916,PR604,瓶片604,郑商所,115,CZCE
917,PR605,瓶片605,郑商所,115,CZCE
918,PR606,瓶片606,郑商所,115,CZCE
919,PR607,瓶片607,郑商所,115,CZCE
920,PR608,瓶片608,郑商所,115,CZCE
921,PR609,瓶片609,郑商所,115,CZCE
922,PR610,瓶片610,郑商所,115,CZCE
923,PR611,瓶片611,郑商所,115,CZCE
924,PR612,瓶片612,郑商所,115,CZCE
925,PR701,瓶片701,郑商所,115,CZCE
926,PRM,瓶片主连,郑商所,115,CZCE
927,PRS,瓶片次主连,郑商所,115,CZCE
928,PRfi,瓶片加权,期货指数加权,159,FI
929,sc2603,原油2603,上期能源,142,INE
930,sc2604,原油2604,上期能源,142,INE
931,sc2605,原油2605,上期能源,142,INE
932,sc2606,原油2606,上期能源,142,INE
933,sc2607,原油2607,上期能源,142,INE
934,sc2608,原油2608,上期能源,142,INE
935,sc2609,原油2609,上期能源,142,INE
936,sc2610,原油2610,上期能源,142,INE
937,sc2611,原油2611,上期能源,142,INE
938,sc2612,原油2612,上期能源,142,INE
939,sc2701,原油2701,上期能源,142,INE
940,sc2702,原油2702,上期能源,142,INE
941,sc2703,原油2703,上期能源,142,INE
942,sc2706,原油2706,上期能源,142,INE
943,sc2709,原油2709,上期能源,142,INE
944,sc2712,原油2712,上期能源,142,INE
945,sc2803,原油2803,上期能源,142,INE
946,sc2806,原油2806,上期能源,142,INE
947,sc2809,原油2809,上期能源,142,INE
948,sc2812,原油2812,上期能源,142,INE
949,scm,原油主连,上期能源,142,INE
950,scs,原油次主连,上期能源,142,INE
951,scfi,原油加权,期货指数加权,159,FI
952,nr2602,20号胶2602,上期能源,142,INE
953,nr2603,20号胶2603,上期能源,142,INE
954,nr2604,20号胶2604,上期能源,142,INE
955,nr2605,20号胶2605,上期能源,142,INE
956,nr2606,20号胶2606,上期能源,142,INE
957,nr2607,20号胶2607,上期能源,142,INE
958,nr2608,20号胶2608,上期能源,142,INE
959,nr2609,20号胶2609,上期能源,142,INE
960,nr2610,20号胶2610,上期能源,142,INE
961,nr2611,20号胶2611,上期能源,142,INE
962,nr2612,20号胶2612,上期能源,142,INE
963,nr2701,20号胶2701,上期能源,142,INE
964,nrm,20号胶主连,上期能源,142,INE
965,nrs,20号胶次主连,上期能源,142,INE
966,nrfi,号胶加权,期货指数加权,159,FI
967,lu2603,低硫燃油2603,上期能源,142,INE
968,lu2604,低硫燃油2604,上期能源,142,INE
969,lu2605,低硫燃油2605,上期能源,142,INE
970,lu2606,低硫燃油2606,上期能源,142,INE
971,lu2607,低硫燃油2607,上期能源,142,INE
972,lu2608,低硫燃油2608,上期能源,142,INE
973,lu2609,低硫燃油2609,上期能源,142,INE
974,lu2610,低硫燃油2610,上期能源,142,INE
975,lu2611,低硫燃油2611,上期能源,142,INE
976,lu2612,低硫燃油2612,上期能源,142,INE
977,lu2701,低硫燃油2701,上期能源,142,INE
978,lu2702,低硫燃油2702,上期能源,142,INE
979,lum,低硫燃油主连,上期能源,142,INE
980,lus,低硫燃油次主连,上期能源,142,INE
981,lufi,低硫燃油加权,期货指数加权,159,FI
982,bc2602,国际铜2602,上期能源,142,INE
983,bc2603,国际铜2603,上期能源,142,INE
984,bc2604,国际铜2604,上期能源,142,INE
985,bc2605,国际铜2605,上期能源,142,INE
986,bc2606,国际铜2606,上期能源,142,INE
987,bc2607,国际铜2607,上期能源,142,INE
988,bc2608,国际铜2608,上期能源,142,INE
989,bc2609,国际铜2609,上期能源,142,INE
990,bc2610,国际铜2610,上期能源,142,INE
991,bc2611,国际铜2611,上期能源,142,INE
992,bc2612,国际铜2612,上期能源,142,INE
993,bc2701,国际铜2701,上期能源,142,INE
994,bcm,国际铜主连,上期能源,142,INE
995,bcs,国际铜次主连,上期能源,142,INE
996,bcfi,国际铜加权,期货指数加权,159,FI
997,ec2602,欧线集运2602,上期能源,142,INE
998,ec2604,欧线集运2604,上期能源,142,INE
999,ec2606,欧线集运2606,上期能源,142,INE
1000,ec2608,欧线集运2608,上期能源,142,INE
1001,ec2610,欧线集运2610,上期能源,142,INE
1002,ec2612,欧线集运2612,上期能源,142,INE
1003,ecm,欧线集运主连,上期能源,142,INE
1004,ecs,欧线集运次主连,上期能源,142,INE
1005,ecfi,欧线集运加权,期货指数加权,159,FI
1006,IC2602,中证500股指2602,中金所,220,CFFEX
1007,IC2603,中证500股指2603,中金所,220,CFFEX
1008,IC2606,中证500股指2606,中金所,220,CFFEX
1009,IC2609,中证500股指2609,中金所,220,CFFEX
1010,ICM,中证500股指主连,中金所,220,CFFEX
1011,ICM0,中证500股指当月连续,中金所,220,CFFEX
1012,ICM1,中证500股指下月连续,中金所,220,CFFEX
1013,ICS,中证500股指次主连,中金所,220,CFFEX
1014,ICS1,中证500股指下季连续,中金所,220,CFFEX
1015,ICS2,中证500股指隔季连续,中金所,220,CFFEX
1016,ICfi,中证加权,期货指数加权,159,FI
1017,IF2602,沪深2602,中金所,220,CFFEX
1018,IF2603,沪深2603,中金所,220,CFFEX
1019,IF2606,沪深2606,中金所,220,CFFEX
1020,IF2609,沪深2609,中金所,220,CFFEX
1021,IFM,沪深主连,中金所,220,CFFEX
1022,IFM0,沪深当月连续,中金所,220,CFFEX
1023,IFM1,沪深下月连续,中金所,220,CFFEX
1024,IFS,沪深次主连,中金所,220,CFFEX
1025,IFS1,沪深下季连续,中金所,220,CFFEX
1026,IFS2,沪深隔季连续,中金所,220,CFFEX
1027,IFfi,沪深加权,期货指数加权,159,FI
1028,IH2602,上证2602,中金所,220,CFFEX
1029,IH2603,上证2603,中金所,220,CFFEX
1030,IH2606,上证2606,中金所,220,CFFEX
1031,IH2609,上证2609,中金所,220,CFFEX
1032,IHM,上证主连,中金所,220,CFFEX
1033,IHM0,上证当月连续,中金所,220,CFFEX
1034,IHM1,上证下月连续,中金所,220,CFFEX
1035,IHS,上证次主连,中金所,220,CFFEX
1036,IHS1,上证下季连续,中金所,220,CFFEX
1037,IHS2,上证隔季连续,中金所,220,CFFEX
1038,IHfi,上证加权,期货指数加权,159,FI
1039,T2603,十债2603,中金所,220,CFFEX
1040,T2606,十债2606,中金所,220,CFFEX
1041,T2609,十债2609,中金所,220,CFFEX
1042,TM,十债主连,中金所,220,CFFEX
1043,TS,十债次主连,中金所,220,CFFEX
1044,TS0,十债当季连续,中金所,220,CFFEX
1045,TS1,十债下季连续,中金所,220,CFFEX
1046,TS2,十债隔季连续,中金所,220,CFFEX
1047,Tfi,十债加权,期货指数加权,159,FI
1048,TF2603,五债2603,中金所,220,CFFEX
1049,TF2606,五债2606,中金所,220,CFFEX
1050,TF2609,五债2609,中金所,220,CFFEX
1051,TFM,五债主连,中金所,220,CFFEX
1052,TFS,五债次主连,中金所,220,CFFEX
1053,TFS0,五债当季连续,中金所,220,CFFEX
1054,TFS1,五债下季连续,中金所,220,CFFEX
1055,TFS2,五债隔季连续,中金所,220,CFFEX
1056,TFfi,五债加权,期货指数加权,159,FI
1057,TS2603,二债2603,中金所,220,CFFEX
1058,TS2606,二债2606,中金所,220,CFFEX
1059,TS2609,二债2609,中金所,220,CFFEX
1060,TSM,二债主连,中金所,220,CFFEX
1061,TSS,二债次主连,中金所,220,CFFEX
1062,TSS0,二债当季连续,中金所,220,CFFEX
1063,TSS1,二债下季连续,中金所,220,CFFEX
1064,TSS2,二债隔季连续,中金所,220,CFFEX
1065,TSfi,二债加权,期货指数加权,159,FI
1066,IM2602,中证1000股指2602,中金所,220,CFFEX
1067,IM2603,中证1000股指2603,中金所,220,CFFEX
1068,IM2606,中证1000股指2606,中金所,220,CFFEX
1069,IM2609,中证1000股指2609,中金所,220,CFFEX
1070,IMM,中证1000股指主连,中金所,220,CFFEX
1071,IMM0,中证1000股指当月连续,中金所,220,CFFEX
1072,IMM1,中证1000股指下月连续,中金所,220,CFFEX
1073,IMS,中证1000股指次主连,中金所,220,CFFEX
1074,IMS1,中证1000股指下季连续,中金所,220,CFFEX
1075,IMS2,中证1000股指隔季连续,中金所,220,CFFEX
1076,IMfi,中证加权,期货指数加权,159,FI
1077,TL2603,三十债2603,中金所,220,CFFEX
1078,TL2606,三十债2606,中金所,220,CFFEX
1079,TL2609,三十债2609,中金所,220,CFFEX
1080,TLM,三十债主连,中金所,220,CFFEX
1081,TLS,三十债次主连,中金所,220,CFFEX
1082,TLS0,三十债当季连续,中金所,220,CFFEX
1083,TLS1,三十债下季连续,中金所,220,CFFEX
1084,TLS2,三十债隔季连续,中金所,220,CFFEX
1085,TLfi,三十债加权,期货指数加权,159,FI
1086,si2602,工业硅2602,广期所,225,GFEX
1087,si2603,工业硅2603,广期所,225,GFEX
1088,si2604,工业硅2604,广期所,225,GFEX
1089,si2605,工业硅2605,广期所,225,GFEX
1090,si2606,工业硅2606,广期所,225,GFEX
1091,si2607,工业硅2607,广期所,225,GFEX
1092,si2608,工业硅2608,广期所,225,GFEX
1093,si2609,工业硅2609,广期所,225,GFEX
1094,si2610,工业硅2610,广期所,225,GFEX
1095,si2611,工业硅2611,广期所,225,GFEX
1096,si2612,工业硅2612,广期所,225,GFEX
1097,si2701,工业硅2701,广期所,225,GFEX
1098,sim,工业硅主连,广期所,225,GFEX
1099,sis,工业硅次主连,广期所,225,GFEX
1100,sifi,工业硅加权,期货指数加权,159,FI
1101,lc2602,碳酸锂2602,广期所,225,GFEX
1102,lc2603,碳酸锂2603,广期所,225,GFEX
1103,lc2604,碳酸锂2604,广期所,225,GFEX
1104,lc2605,碳酸锂2605,广期所,225,GFEX
1105,lc2606,碳酸锂2606,广期所,225,GFEX
1106,lc2607,碳酸锂2607,广期所,225,GFEX
1107,lc2608,碳酸锂2608,广期所,225,GFEX
1108,lc2609,碳酸锂2609,广期所,225,GFEX
1109,lc2610,碳酸锂2610,广期所,225,GFEX
1110,lc2611,碳酸锂2611,广期所,225,GFEX
1111,lc2612,碳酸锂2612,广期所,225,GFEX
1112,lc2701,碳酸锂2701,广期所,225,GFEX
1113,lcm,碳酸锂主连,广期所,225,GFEX
1114,lcs,碳酸锂次主连,广期所,225,GFEX
1115,lcfi,碳酸锂加权,期货指数加权,159,FI
1116,ps2602,多晶硅2602,广期所,225,GFEX
1117,ps2603,多晶硅2603,广期所,225,GFEX
1118,ps2604,多晶硅2604,广期所,225,GFEX
1119,ps2605,多晶硅2605,广期所,225,GFEX
1120,ps2606,多晶硅2606,广期所,225,GFEX
1121,ps2607,多晶硅2607,广期所,225,GFEX
1122,ps2608,多晶硅2608,广期所,225,GFEX
1123,ps2609,多晶硅2609,广期所,225,GFEX
1124,ps2610,多晶硅2610,广期所,225,GFEX
1125,ps2611,多晶硅2611,广期所,225,GFEX
1126,ps2612,多晶硅2612,广期所,225,GFEX
1127,ps2701,多晶硅2701,广期所,225,GFEX
1128,psm,多晶硅主连,广期所,225,GFEX
1129,pss,多晶硅次主连,广期所,225,GFEX
1130,psfi,多晶硅加权,期货指数加权,159,FI
1131,pt2606,铂2606,广期所,225,GFEX
1132,pt2608,铂2608,广期所,225,GFEX
1133,pt2610,铂2610,广期所,225,GFEX
1134,pt2612,铂2612,广期所,225,GFEX
1135,ptm,铂主连,广期所,225,GFEX
1136,pts,铂次主连,广期所,225,GFEX
1137,ptfi,铂加权,期货指数加权,159,FI
1138,pd2606,钯2606,广期所,225,GFEX
1139,pd2608,钯2608,广期所,225,GFEX
1140,pd2610,钯2610,广期所,225,GFEX
1141,pd2612,钯2612,广期所,225,GFEX
1142,pdm,钯主连,广期所,225,GFEX
1143,pds,钯次主连,广期所,225,GFEX
1144,pdfi,钯加权,期货指数加权,159,FI
