code,name,ex_name,ex_east_money_code,tdx_code,tdx_market_code
cum,沪铜主连,上期所,113,CUL8,30
cus,沪铜次主连,上期所,113,CUL7,30
cufi,沪铜加权,期货指数加权,159,CUL9,30
alm,沪铝主连,上期所,113,ALL8,30
als,沪铝次主连,上期所,113,ALL7,30
alfi,沪铝加权,期货指数加权,159,ALL9,30
znm,沪锌主连,上期所,113,ZNL8,30
zns,沪锌次主连,上期所,113,ZNL7,30
znfi,沪锌加权,期货指数加权,159,ZNL9,30
pbm,沪铅主连,上期所,113,PBL8,30
pbs,沪铅次主连,上期所,113,PBL7,30
pbfi,沪铅加权,期货指数加权,159,PBL9,30
aum,沪金主连,上期所,113,AUL8,30
aus,沪金次主连,上期所,113,AUL7,30
aufi,沪金加权,期货指数加权,159,AUL9,30
agm,沪银主连,上期所,113,AGL8,30
ags,沪银次主连,上期所,113,AGL7,30
agfi,沪银加权,期货指数加权,159,AGL9,30
rbm,螺纹钢主连,上期所,113,RBL8,30
rbs,螺纹钢次主连,上期所,113,RBL7,30
rbfi,螺纹钢加权,期货指数加权,159,RBL9,30
wrm,线材主连,上期所,113,WRL8,30
wrs,线材次主连,上期所,113,WRL7,30
wrfi,线材加权,期货指数加权,159,WRL9,30
fum,燃油主连,上期所,113,FUL8,30
fus,燃油次主连,上期所,113,FUL7,30
fufi,燃油加权,期货指数加权,159,FUL9,30
rum,橡胶主连,上期所,113,RUL8,30
rus,橡胶次主连,上期所,113,RUL7,30
rufi,橡胶加权,期货指数加权,159,RUL9,30
bum,沥青主连,上期所,113,BUL8,30
bus,沥青次主连,上期所,113,BUL7,30
bufi,沥青加权,期货指数加权,159,BUL9,30
hcm,热卷主连,上期所,113,HCL8,30
hcs,热卷次主连,上期所,113,HCL7,30
hcfi,热卷加权,期货指数加权,159,HCL9,30
nim,沪镍主连,上期所,113,NIL8,30
nis,沪镍次主连,上期所,113,NIL7,30
nifi,沪镍加权,期货指数加权,159,NIL9,30
snm,沪锡主连,上期所,113,SNL8,30
sns,沪锡次主连,上期所,113,SNL7,30
snfi,沪锡加权,期货指数加权,159,SNL9,30
spm,纸浆主连,上期所,113,SPL8,30
sps,纸浆次主连,上期所,113,SPL7,30
spfi,纸浆加权,期货指数加权,159,SPL9,30
ssm,不锈钢主连,上期所,113,SSL8,30
sss,不锈钢次主连,上期所,113,SSL7,30
ssfi,不锈钢加权,期货指数加权,159,SSL9,30
aom,氧化铝主连,上期所,113,AOL8,30
aos,氧化铝次主连,上期所,113,AOL7,30
aofi,氧化铝加权,期货指数加权,159,AOL9,30
brm,丁二烯胶主连,上期所,113,BRL8,30
brs,丁二烯胶次主连,上期所,113,BRL7,30
brfi,丁二烯胶加权,期货指数加权,159,BRL9,30
adm,铸造铝主连,上期所,113,ADL8,30
ads,铸造铝次主连,上期所,113,ADL7,30
adfi,铸造铝加权,期货指数加权,159,ADL9,30
opm,胶版纸主连,上期所,113,OPL8,30
ops,胶版纸次主连,上期所,113,OPL7,30
opfi,胶版纸加权,期货指数加权,159,OPL9,30
cm,玉米主连,大商所,114,CL8,29
cs,玉米次主连,大商所,114,CL7,29
cfi,玉米加权,期货指数加权,159,CL9,29
am,豆一主连,大商所,114,AL8,29
as,豆一次主连,大商所,114,AL7,29
afi,豆一加权,期货指数加权,159,AL9,29
bm,豆二主连,大商所,114,BL8,29
bs,豆二次主连,大商所,114,BL7,29
bfi,豆二加权,期货指数加权,159,BL9,29
mm,豆粕主连,大商所,114,ML8,29
ms,豆粕次主连,大商所,114,ML7,29
mfi,豆粕加权,期货指数加权,159,ML9,29
ym,豆油主连,大商所,114,YL8,29
ys,豆油次主连,大商所,114,YL7,29
yfi,豆油加权,期货指数加权,159,YL9,29
pm,棕榈油主连,大商所,114,PL8,29
ps,棕榈油次主连,大商所,114,PL7,29
pfi,棕榈油加权,期货指数加权,159,PL9,29
lm,塑料主连,大商所,114,LL8,29
ls,塑料次主连,大商所,114,LL7,29
lfi,塑料加权,期货指数加权,159,LL9,29
vm,PVC主连,大商所,114,VL8,29
vs,PVC次主连,大商所,114,VL7,29
vfi,PVC加权,期货指数加权,159,VL9,29
jm,焦炭主连,大商所,114,JL8,29
js,焦炭次主连,大商所,114,JL7,29
jfi,焦炭加权,期货指数加权,159,JL9,29
jmm,焦煤主连,大商所,114,JML8,29
jms,焦煤次主连,大商所,114,JML7,29
jmfi,焦煤加权,期货指数加权,159,JML9,29
fbm,纤维板主连,大商所,114,FBL8,29
fbs,纤维板次主连,大商所,114,FBL7,29
fbfi,纤维板加权,期货指数加权,159,FBL9,29
bbm,胶合板主连,大商所,114,BBL8,29
bbs,胶合板次主连,大商所,114,BBL7,29
bbfi,胶合板加权,期货指数加权,159,BBL9,29
im,铁矿石主连,大商所,114,IL8,29
is,铁矿石次主连,大商所,114,IL7,29
ifi,铁矿石加权,期货指数加权,159,IL9,29
jdm,鸡蛋主连,大商所,114,JDL8,29
jds,鸡蛋次主连,大商所,114,JDL7,29
jdfi,鸡蛋加权,期货指数加权,159,JDL9,29
ppm,聚丙烯主连,大商所,114,PPL8,29
pps,聚丙烯次主连,大商所,114,PPL7,29
ppfi,聚丙烯加权,期货指数加权,159,PPL9,29
csm,淀粉主连,大商所,114,CSL8,29
css,淀粉次主连,大商所,114,CSL7,29
csfi,淀粉加权,期货指数加权,159,CSL9,29
egm,乙二醇主连,大商所,114,EGL8,29
egs,乙二醇次主连,大商所,114,EGL7,29
egfi,乙二醇加权,期货指数加权,159,EGL9,29
rrm,粳米主连,大商所,114,RRL8,29
rrs,粳米次主连,大商所,114,RRL7,29
rrfi,粳米加权,期货指数加权,159,RRL9,29
ebm,苯乙烯主连,大商所,114,EBL8,29
ebs,苯乙烯次主连,大商所,114,EBL7,29
ebfi,苯乙烯加权,期货指数加权,159,EBL9,29
pgm,LPG主连,大商所,114,PGL8,29
pgs,LPG次主连,大商所,114,PGL7,29
pgfi,LPG加权,期货指数加权,159,PGL9,29
lhm,生猪主连,大商所,114,LHL8,29
lhs,生猪次主连,大商所,114,LHL7,29
lhfi,生猪加权,期货指数加权,159,LHL9,29
lgm,原木主连,大商所,114,LGL8,29
lgs,原木次主连,大商所,114,LGL7,29
lgfi,原木加权,期货指数加权,159,LGL9,29
lFm,塑料月均主连,大商所,114,L-FL8,29
lFs,塑料月均次主连,大商所,114,L-FL7,29
lFfi,塑料月均加权,期货指数加权,159,L-FL9,29
vFm,PVC月均主连,大商所,114,V-FL8,29
vFs,PVC月均次主连,大商所,114,V-FL7,29
vFfi,PVC月均加权,期货指数加权,159,V-FL9,29
ppFm,聚丙烯月均主连,大商所,114,PP-FL8,29
ppFs,聚丙烯月均次主连,大商所,114,PP-FL7,29
ppFfi,聚丙烯月均加权,期货指数加权,159,PP-FL9,29
bzm,纯苯主连,大商所,114,BZL8,29
bzs,纯苯次主连,大商所,114,BZL7,29
bzfi,纯苯加权,期货指数加权,159,BZL9,29
WHM,强麦主连,郑商所,115,*,*
WHS,强麦次主连,郑商所,115,*,*
WHfi,强麦加权,期货指数加权,159,*,*
PMM,普麦主连,郑商所,115,*,*
PMS,普麦次主连,郑商所,115,*,*
PMfi,普麦加权,期货指数加权,159,*,*
CFM,棉花主连,郑商所,115,CFL8,28
CFS,棉花次主连,郑商所,115,CFL7,28
CFfi,棉花加权,期货指数加权,159,CFL9,28
SRM,白糖主连,郑商所,115,SRL8,28
SRS,白糖次主连,郑商所,115,SRL7,28
SRfi,白糖加权,期货指数加权,159,SRL9,28
TAM,PTA主连,郑商所,115,TAL8,28
TAS,PTA次主连,郑商所,115,TAL7,28
TAfi,PTA加权,期货指数加权,159,TAL9,28
OIM,菜油主连,郑商所,115,OIL8,28
OIS,菜油次主连,郑商所,115,OIL7,28
OIfi,菜油加权,期货指数加权,159,OIL9,28
RIM,早籼稻主连,郑商所,115,*,*
RIS,早籼稻次主连,郑商所,115,*,*
RIfi,早籼稻加权,期货指数加权,159,*,*
MAM,甲醇主连,郑商所,115,MAL8,28
MAS,甲醇次主连,郑商所,115,MAL7,28
MAfi,甲醇加权,期货指数加权,159,MAL9,28
FGM,玻璃主连,郑商所,115,FGL8,28
FGS,玻璃次主连,郑商所,115,FGL7,28
FGfi,玻璃加权,期货指数加权,159,FGL9,28
RSM,菜籽主连,郑商所,115,RSL8,28
RSS,菜籽次主连,郑商所,115,RSL7,28
RSfi,菜籽加权,期货指数加权,159,RSL9,28
RMM,菜粕主连,郑商所,115,RML8,28
RMS,菜粕次主连,郑商所,115,RML7,28
RMfi,菜粕加权,期货指数加权,159,RML9,28
JRM,粳稻主连,郑商所,115,*,*
JRS,粳稻次主连,郑商所,115,*,*
JRfi,粳稻加权,期货指数加权,159,*,*
SFM,硅铁主连,郑商所,115,SFL8,28
SFS,硅铁次主连,郑商所,115,SFL7,28
SFfi,硅铁加权,期货指数加权,159,SFL9,28
SMM,锰硅主连,郑商所,115,SML8,28
SMS,锰硅次主连,郑商所,115,SML7,28
SMfi,锰硅加权,期货指数加权,159,SML9,28
CYM,棉纱主连,郑商所,115,CYL8,28
CYS,棉纱次主连,郑商所,115,CYL7,28
CYfi,棉纱加权,期货指数加权,159,CYL9,28
APM,苹果主连,郑商所,115,APL8,28
APS,苹果次主连,郑商所,115,APL7,28
APfi,苹果加权,期货指数加权,159,APL9,28
CJM,红枣主连,郑商所,115,CJL8,28
CJS,红枣次主连,郑商所,115,CJL7,28
CJfi,红枣加权,期货指数加权,159,CJL9,28
URM,尿素主连,郑商所,115,URL8,28
URS,尿素次主连,郑商所,115,URL7,28
URfi,尿素加权,期货指数加权,159,URL9,28
SAM,纯碱主连,郑商所,115,SAL8,28
SAS,纯碱次主连,郑商所,115,SAL7,28
SAfi,纯碱加权,期货指数加权,159,SAL9,28
PFM,短纤主连,郑商所,115,PFL8,28
PFS,短纤次主连,郑商所,115,PFL7,28
PFfi,短纤加权,期货指数加权,159,PFL9,28
PKM,花生主连,郑商所,115,PKL8,28
PKS,花生次主连,郑商所,115,PKL7,28
PKfi,花生加权,期货指数加权,159,PKL9,28
PXM,对二甲苯主连,郑商所,115,PXL8,28
PXS,对二甲苯次主连,郑商所,115,PXL7,28
PXfi,对二甲苯加权,期货指数加权,159,PXL9,28
SHM,烧碱主连,郑商所,115,SHL8,28
SHS,烧碱次主连,郑商所,115,SHL7,28
SHfi,烧碱加权,期货指数加权,159,SHL9,28
PRM,瓶片主连,郑商所,115,PRL8,28
PRS,瓶片次主连,郑商所,115,PRL7,28
PRfi,瓶片加权,期货指数加权,159,PRL9,28
scm,原油主连,上期能源,142,SCL8,30
scs,原油次主连,上期能源,142,SCL7,30
scfi,原油加权,期货指数加权,159,SCL9,30
nrm,20号胶主连,上期能源,142,NRL8,30
nrs,20号胶次主连,上期能源,142,NRL7,30
nrfi,号胶加权,期货指数加权,159,NRL9,30
lum,低硫燃油主连,上期能源,142,LUL8,30
lus,低硫燃油次主连,上期能源,142,LUL7,30
lufi,低硫燃油加权,期货指数加权,159,LUL9,30
bcm,国际铜主连,上期能源,142,BCL8,30
bcs,国际铜次主连,上期能源,142,BCL7,30
bcfi,国际铜加权,期货指数加权,159,BCL9,30
ecm,欧线集运主连,上期能源,142,ECL8,30
ecs,欧线集运次主连,上期能源,142,ECL7,30
ecfi,欧线集运加权,期货指数加权,159,ECL9,30
ICM,中证500股指主连,中金所,220,ICL8,47
ICM0,中证500股指当月连续,中金所,220,ICL0,47
ICM1,中证500股指下月连续,中金所,220,ICL1,47
ICS,中证500股指次主连,中金所,220,ICL7,47
ICS1,中证500股指下季连续,中金所,220,ICL2,47
ICS2,中证500股指隔季连续,中金所,220,ICL3,47
ICfi,中证加权,期货指数加权,159,ICL9,47
IFM,沪深主连,中金所,220,IFL8,47
IFM0,沪深当月连续,中金所,220,IFL0,47
IFM1,沪深下月连续,中金所,220,IFL1,47
IFS,沪深次主连,中金所,220,IFL7,47
IFS1,沪深下季连续,中金所,220,IFL2,47
IFS2,沪深隔季连续,中金所,220,IFL3,47
IFfi,沪深加权,期货指数加权,159,IFL9,47
IHM,上证主连,中金所,220,IHL8,47
IHM0,上证当月连续,中金所,220,IHL0,47
IHM1,上证下月连续,中金所,220,IHL1,47
IHS,上证次主连,中金所,220,IHL7,47
IHS1,上证下季连续,中金所,220,IHL2,47
IHS2,上证隔季连续,中金所,220,IHL3,47
IHfi,上证加权,期货指数加权,159,IHL9,47
TM,十债主连,中金所,220,TL8,47
TS,十债次主连,中金所,220,TL7,47
TS0,十债当季连续,中金所,220,TL7,47
TS1,十债下季连续,中金所,220,TL2,47
TS2,十债隔季连续,中金所,220,*,*
Tfi,十债加权,期货指数加权,159,TL9,47
TFM,五债主连,中金所,220,TFL8,47
TFS,五债次主连,中金所,220,TFL7,47
TFS0,五债当季连续,中金所,220,TFL7,47
TFS1,五债下季连续,中金所,220,TFL2,47
TFS2,五债隔季连续,中金所,220,*,*
TFfi,五债加权,期货指数加权,159,TFL9,47
TSM,二债主连,中金所,220,TSL8,47
TSS,二债次主连,中金所,220,TSL7,47
TSS0,二债当季连续,中金所,220,TSL7,47
TSS1,二债下季连续,中金所,220,TSL2,47
TSS2,二债隔季连续,中金所,220,*,*
TSfi,二债加权,期货指数加权,159,TSL9,47
IMM,中证1000股指主连,中金所,220,IML8,47
IMM0,中证1000股指当月连续,中金所,220,IML0,47
IMM1,中证1000股指下月连续,中金所,220,IML1,47
IMS,中证1000股指次主连,中金所,220,IML7,47
IMS1,中证1000股指下季连续,中金所,220,IML2,47
IMS2,中证1000股指隔季连续,中金所,220,IML3,47
IMfi,中证加权,期货指数加权,159,IML9,47
TLM,三十债主连,中金所,220,TLL8,47
TLS,三十债次主连,中金所,220,TLL7,47
TLS0,三十债当季连续,中金所,220,TLL7,47
TLS1,三十债下季连续,中金所,220,TLL2,47
TLS2,三十债隔季连续,中金所,220,*,*
TLfi,三十债加权,期货指数加权,159,TLL9,47
sim,工业硅主连,广期所,225,SIL8,66
sis,工业硅次主连,广期所,225,SIL7,66
sifi,工业硅加权,期货指数加权,159,SIL9,66
lcm,碳酸锂主连,广期所,225,LCL8,66
lcs,碳酸锂次主连,广期所,225,LCL7,66
lcfi,碳酸锂加权,期货指数加权,159,LCL9,66
psm,多晶硅主连,广期所,225,PSL8,66
pss,多晶硅次主连,广期所,225,PSL7,66
psfi,多晶硅加权,期货指数加权,159,PSL9,66
ptm,铂主连,广期所,225,PTL8,66
pts,铂次主连,广期所,225,PTL7,66
ptfi,铂加权,期货指数加权,159,PTL9,66
pdm,钯主连,广期所,225,PDL8,66
pds,钯次主连,广期所,225,PDL7,66
pdfi,钯加权,期货指数加权,159,PDL9,66
